Model,R2,R2 (log),MAE,RMSE,MAPE,Median APE,CV R2 (log) mean,CV R2 (log) std,Train time (s)
XGBoost,0.7897935509681702,0.9045902112123013,5863133.5,21095609.677159652,0.1714290976524353,0.11853413333333333,0.9042010326819776,0.007161925370877862,27.25975513458252
CatBoost,0.7698965839218901,0.9036249456530061,5963010.807082253,22071435.31040392,0.1715995981449639,0.11919669304450733,0.9066315279868764,0.006294576630541809,12.877738237380981
Gradient Boosting,0.7681882477726015,0.8994142677149853,6113557.842890645,22153215.291712083,0.17746472771898386,0.12482170708682645,0.9016764795704294,0.007933958659259584,42.638675928115845
LightGBM,0.6150904538589215,0.8860902395378907,6949633.452452046,28546205.266562097,0.18388493111912715,0.1234737214635369,0.8852785809608108,0.0073827219736147445,5.036444664001465
Random Forest,0.6850487970916717,0.8896983738958333,6351580.201982552,25822047.695149794,0.1839230415735909,0.12303591295801505,0.8834587674054735,0.00882526081919071,54.85241222381592
Extra Trees,0.6870243666539212,0.8856565667865263,6349713.530148361,25740934.336045984,0.18697172425709996,0.12909991640662852,0.881463225132958,0.007742850430829144,75.71744441986084
Linear Regression,0.7365916211581034,0.8881465812690036,6460674.016700992,23614776.304043863,0.1944690191267095,0.1416857934239388,0.8796561812469305,0.008287051834520769,0.7249965667724609
Ridge Regression,0.6427196300909308,0.8857894805088944,6670147.543272209,27502591.67152375,0.19538350690103184,0.14063958454375017,0.8806247839889734,0.009650165749312673,0.8083236217498779
Lasso Regression,0.5530673160539286,0.873123335105125,7241479.304940317,30760267.013733838,0.20368076851280728,0.15163143991110356,0.8726471371628286,0.008902731282022715,0.7785594463348389
Decision Tree,0.6192179291628318,0.8385311451344675,7629690.280717708,28392738.91796432,0.22352564543020254,0.14720441768573164,0.8250589635671487,0.01360958082514273,0.6772975921630859
K-Nearest Neighbours,0.5382330800361123,0.831155014310917,8226522.307597152,31266585.202620197,0.23188583650227962,0.1644730926069575,0.8245938581965024,0.009028083712936869,0.7167761325836182
